<?xml version="1.0" encoding="utf-8"?>

<CONTENT>

	<GALLERY name="GALLERY 1">
		<CATEGORY name="Category 1.1" desc="Various Videos" thumb="flv/thumbs/category/jdsmith-freak-alley.jpg">
			<ITEM>
				<file_path>flv/jdsmith-freak-alley.flv</file_path>
				<file_width>496</file_width>
				<file_height>279</file_height>
				<file_title>JDSmith Freak Alley</file_title>
				<file_desc>Stop Motion Video</file_desc>
				<file_image>flv/thumbs/video/jdsmith-freak-alley.jpg</file_image>
				<featured_image>flv/thumbs/featured/jdsmith-freak-alley.jpg</featured_image>
				<featured_or_not>true</featured_or_not>
			</ITEM>
			<ITEM>
				<file_path>flv/bsu-basketball-open.f4v</file_path>
				<file_width>500</file_width>
				<file_height>281</file_height>
				<file_title>BSU Basketball</file_title>
				<file_desc>Game Opener</file_desc>
				<file_image>flv/thumbs/video/bsu-basketball-open.jpg</file_image>
				<featured_image>flv/thumbs/featured/bsu-basketball-open.jpg</featured_image>
				<featured_or_not>true</featured_or_not>
			</ITEM>
			<ITEM>
				<file_path>flv/bsu-football-open.flv</file_path>
				<file_width>500</file_width>
				<file_height>281</file_height>
				<file_title>BSU Football</file_title>
				<file_desc>Game Opener</file_desc>
				<file_image>flv/thumbs/video/bsu-football-open.jpg</file_image>
				<featured_image>flv/thumbs/featured/bsu-football-open.jpg</featured_image>
				<featured_or_not>true</featured_or_not>
			</ITEM>
			<ITEM>
				<file_path>flv/gh1test.flv</file_path>
				<file_width>500</file_width>
				<file_height>400</file_height>
				<file_title>New GH1 Test</file_title>
				<file_desc>Alex Got a new camera and is testing it out</file_desc>
				<file_image>flv/thumbs/video/gh1test.jpg</file_image>
				<featured_image>flv/thumbs/featured/gh1test.jpg</featured_image>
				<featured_or_not>true</featured_or_not>
			</ITEM>
			<ITEM>
				<file_path>flv/gulfoss.flv</file_path>
				<file_width>500</file_width>
				<file_height>400</file_height>
				<file_title>Iceland Trip</file_title>
				<file_desc>Alex's trip to Iceland</file_desc>
				<file_image>flv/thumbs/video/gulfoss.jpg</file_image>
				<featured_image>flv/thumbs/featured/gulfoss.jpg</featured_image>
				<featured_or_not>true</featured_or_not>
			</ITEM>
			<ITEM>
				<file_path>flv/ultimate-thailand-adv.flv</file_path>
				<file_width>500</file_width>
				<file_height>400</file_height>
				<file_title>Send Alex to Thailand!</file_title>
				<file_desc>Vote on YouTube, he really wants to go!</file_desc>
				<file_image>flv/thumbs/video/ultimate-thailand-adv.jpg</file_image>
				<featured_image>flv/thumbs/featured/ultimate-thailand-adv.jpg</featured_image>
				<featured_or_not>true</featured_or_not>
			</ITEM>
			<ITEM>
				<file_path>flv/ipc-idaho-mashed-potato-trio.flv</file_path>
				<file_width>496</file_width>
				<file_height>276</file_height>
				<file_title>IPC Video 1</file_title>
				<file_desc>Desc. for IPC Video</file_desc>
				<file_image>flv/thumbs/video/ipc.jpg</file_image>
				<featured_image>flv/thumbs/featured/ipc.jpg</featured_image>
				<featured_or_not>true</featured_or_not>
			</ITEM>
			<ITEM>
				<file_path>flv/jdsmith-freak-alley.flv</file_path>
				<file_width>496</file_width>
				<file_height>279</file_height>
				<file_title>JDSmith Freak Alley</file_title>
				<file_desc>Stop Motion Video</file_desc>
				<file_image>flv/thumbs/video/jdsmith-freak-alley.jpg</file_image>
				<featured_image>flv/thumbs/featured/jdsmith-freak-alley.jpg</featured_image>
				<featured_or_not>true</featured_or_not>
			</ITEM>
			<ITEM>
				<file_path>flv/bsu-basketball-open.f4v</file_path>
				<file_width>500</file_width>
				<file_height>281</file_height>
				<file_title>BSU Basketball</file_title>
				<file_desc>Game Opener</file_desc>
				<file_image>flv/thumbs/video/bsu-basketball-open.jpg</file_image>
				<featured_image>flv/thumbs/featured/bsu-basketball-open.jpg</featured_image>
				<featured_or_not>true</featured_or_not>
			</ITEM>
			<ITEM>
				<file_path>flv/bsu-football-open.flv</file_path>
				<file_width>500</file_width>
				<file_height>281</file_height>
				<file_title>BSU Football</file_title>
				<file_desc>Game Opener</file_desc>
				<file_image>flv/thumbs/video/bsu-football-open.jpg</file_image>
				<featured_image>flv/thumbs/featured/bsu-football-open.jpg</featured_image>
				<featured_or_not>true</featured_or_not>
			</ITEM>
			<ITEM>
				<file_path>flv/gh1test.flv</file_path>
				<file_width>500</file_width>
				<file_height>400</file_height>
				<file_title>New GH1 Test</file_title>
				<file_desc>Alex Got a new camera and is testing it out</file_desc>
				<file_image>flv/thumbs/video/gh1test.jpg</file_image>
				<featured_image>flv/thumbs/featured/gh1test.jpg</featured_image>
				<featured_or_not>true</featured_or_not>
			</ITEM>
			<ITEM>
				<file_path>flv/gulfoss.flv</file_path>
				<file_width>500</file_width>
				<file_height>400</file_height>
				<file_title>Iceland Trip</file_title>
				<file_desc>Alex's trip to Iceland</file_desc>
				<file_image>flv/thumbs/video/gulfoss.jpg</file_image>
				<featured_image>flv/thumbs/featured/gulfoss.jpg</featured_image>
				<featured_or_not>false</featured_or_not>
			</ITEM>
			<ITEM>
				<file_path>flv/ultimate-thailand-adv.flv</file_path>
				<file_width>500</file_width>
				<file_height>400</file_height>
				<file_title>Send Alex to Thailand!</file_title>
				<file_desc>Vote on YouTube, he really wants to go!</file_desc>
				<file_image>flv/thumbs/video/ultimate-thailand-adv.jpg</file_image>
				<featured_image>flv/thumbs/featured/ultimate-thailand-adv.jpg</featured_image>
				<featured_or_not>false</featured_or_not>
			</ITEM>
			<ITEM>
				<file_path>flv/ipc-idaho-mashed-potato-trio.flv</file_path>
				<file_width>496</file_width>
				<file_height>276</file_height>
				<file_title>IPC Video 1</file_title>
				<file_desc>Desc. for IPC Video</file_desc>
				<file_image>flv/thumbs/video/ipc.jpg</file_image>
				<featured_image>flv/thumbs/featured/ipc.jpg</featured_image>
				<featured_or_not>false</featured_or_not>
			</ITEM>
			<ITEM>
				<file_path>flv/jdsmith-freak-alley.flv</file_path>
				<file_width>496</file_width>
				<file_height>279</file_height>
				<file_title>JDSmith Freak Alley</file_title>
				<file_desc>Stop Motion Video</file_desc>
				<file_image>flv/thumbs/video/jdsmith-freak-alley.jpg</file_image>
				<featured_image>flv/thumbs/featured/jdsmith-freak-alley.jpg</featured_image>
				<featured_or_not>false</featured_or_not>
			</ITEM>
			<ITEM>
				<file_path>flv/bsu-basketball-open.f4v</file_path>
				<file_width>500</file_width>
				<file_height>281</file_height>
				<file_title>BSU Basketball</file_title>
				<file_desc>Game Opener</file_desc>
				<file_image>flv/thumbs/video/bsu-basketball-open.jpg</file_image>
				<featured_image>flv/thumbs/featured/bsu-basketball-open.jpg</featured_image>
				<featured_or_not>false</featured_or_not>
			</ITEM>
			<ITEM>
				<file_path>flv/bsu-football-open.flv</file_path>
				<file_width>500</file_width>
				<file_height>281</file_height>
				<file_title>BSU Football</file_title>
				<file_desc>Game Opener</file_desc>
				<file_image>flv/thumbs/video/bsu-football-open.jpg</file_image>
				<featured_image>flv/thumbs/featured/bsu-football-open.jpg</featured_image>
				<featured_or_not>false</featured_or_not>
			</ITEM>
			<ITEM>
				<file_path>flv/gh1test.flv</file_path>
				<file_width>500</file_width>
				<file_height>400</file_height>
				<file_title>New GH1 Test</file_title>
				<file_desc>Alex Got a new camera and is testing it out</file_desc>
				<file_image>flv/thumbs/video/gh1test.jpg</file_image>
				<featured_image>flv/thumbs/featured/gh1test.jpg</featured_image>
				<featured_or_not>false</featured_or_not>
			</ITEM>
			<ITEM>
				<file_path>flv/gulfoss.flv</file_path>
				<file_width>500</file_width>
				<file_height>400</file_height>
				<file_title>Iceland Trip</file_title>
				<file_desc>Alex's trip to Iceland</file_desc>
				<file_image>flv/thumbs/video/gulfoss.jpg</file_image>
				<featured_image>flv/thumbs/featured/gulfoss.jpg</featured_image>
				<featured_or_not>false</featured_or_not>
			</ITEM>
			<ITEM>
				<file_path>flv/ultimate-thailand-adv.flv</file_path>
				<file_width>500</file_width>
				<file_height>400</file_height>
				<file_title>Send Alex to Thailand!</file_title>
				<file_desc>Vote on YouTube, he really wants to go!</file_desc>
				<file_image>flv/thumbs/video/ultimate-thailand-adv.jpg</file_image>
				<featured_image>flv/thumbs/featured/ultimate-thailand-adv.jpg</featured_image>
				<featured_or_not>false</featured_or_not>
			</ITEM>
			<ITEM>
				<file_path>flv/ipc-idaho-mashed-potato-trio.flv</file_path>
				<file_width>496</file_width>
				<file_height>276</file_height>
				<file_title>IPC Video 1</file_title>
				<file_desc>Desc. for IPC Video</file_desc>
				<file_image>flv/thumbs/video/ipc.jpg</file_image>
				<featured_image>flv/thumbs/featured/ipc.jpg</featured_image>
				<featured_or_not>false</featured_or_not>
			</ITEM>
		</CATEGORY>
		<CATEGORY name="Category 2.1" desc="Various Videos" thumb="flv/thumbs/category/gh1test.jpg">
			<ITEM>
				<file_path>flv/jdsmith-freak-alley.flv</file_path>
				<file_width>496</file_width>
				<file_height>279</file_height>
				<file_title>JDSmith Freak Alley</file_title>
				<file_desc>Stop Motion Video</file_desc>
				<file_image>flv/thumbs/video/jdsmith-freak-alley.jpg</file_image>
				<featured_image>flv/thumbs/featured/jdsmith-freak-alley.jpg</featured_image>
				<featured_or_not>false</featured_or_not>
			</ITEM>
			<ITEM>
				<file_path>flv/bsu-basketball-open.f4v</file_path>
				<file_width>500</file_width>
				<file_height>281</file_height>
				<file_title>BSU Basketball</file_title>
				<file_desc>Game Opener</file_desc>
				<file_image>flv/thumbs/video/bsu-basketball-open.jpg</file_image>
				<featured_image>flv/thumbs/featured/bsu-basketball-open.jpg</featured_image>
				<featured_or_not>false</featured_or_not>
			</ITEM>
			<ITEM>
				<file_path>flv/bsu-football-open.flv</file_path>
				<file_width>500</file_width>
				<file_height>281</file_height>
				<file_title>BSU Football</file_title>
				<file_desc>Game Opener</file_desc>
				<file_image>flv/thumbs/video/bsu-football-open.jpg</file_image>
				<featured_image>flv/thumbs/featured/bsu-football-open.jpg</featured_image>
				<featured_or_not>false</featured_or_not>
			</ITEM>
			<ITEM>
				<file_path>flv/gh1test.flv</file_path>
				<file_width>500</file_width>
				<file_height>400</file_height>
				<file_title>New GH1 Test</file_title>
				<file_desc>Alex Got a new camera and is testing it out</file_desc>
				<file_image>flv/thumbs/video/gh1test.jpg</file_image>
				<featured_image>flv/thumbs/featured/gh1test.jpg</featured_image>
				<featured_or_not>false</featured_or_not>
			</ITEM>
			<ITEM>
				<file_path>flv/gulfoss.flv</file_path>
				<file_width>500</file_width>
				<file_height>400</file_height>
				<file_title>Iceland Trip</file_title>
				<file_desc>Alex's trip to Iceland</file_desc>
				<file_image>flv/thumbs/video/gulfoss.jpg</file_image>
				<featured_image>flv/thumbs/featured/gulfoss.jpg</featured_image>
				<featured_or_not>false</featured_or_not>
			</ITEM>
		</CATEGORY>
		<CATEGORY name="Category 3.1" desc="Various Videos" thumb="flv/thumbs/category/gulfoss.jpg">
			<ITEM>
				<file_path>flv/ultimate-thailand-adv.flv</file_path>
				<file_width>500</file_width>
				<file_height>400</file_height>
				<file_title>Send Alex to Thailand!</file_title>
				<file_desc>Vote on YouTube, he really wants to go!</file_desc>
				<file_image>flv/thumbs/video/ultimate-thailand-adv.jpg</file_image>
				<featured_image>flv/thumbs/featured/ultimate-thailand-adv.jpg</featured_image>
				<featured_or_not>false</featured_or_not>
			</ITEM>
			<ITEM>
				<file_path>flv/ipc-idaho-mashed-potato-trio.flv</file_path>
				<file_width>496</file_width>
				<file_height>276</file_height>
				<file_title>IPC Video 1</file_title>
				<file_desc>Desc. for IPC Video</file_desc>
				<file_image>flv/thumbs/video/ipc.jpg</file_image>
				<featured_image>flv/thumbs/featured/ipc.jpg</featured_image>
				<featured_or_not>false</featured_or_not>
			</ITEM>
			<ITEM>
				<file_path>flv/jdsmith-freak-alley.flv</file_path>
				<file_width>496</file_width>
				<file_height>279</file_height>
				<file_title>JDSmith Freak Alley</file_title>
				<file_desc>Stop Motion Video</file_desc>
				<file_image>flv/thumbs/video/jdsmith-freak-alley.jpg</file_image>
				<featured_image>flv/thumbs/featured/jdsmith-freak-alley.jpg</featured_image>
				<featured_or_not>false</featured_or_not>
			</ITEM>
		</CATEGORY>
		<CATEGORY name="Category 4.1" desc="Various Videos" thumb="flv/thumbs/category/bsu-football-open.jpg">
			<ITEM>
				<file_path>flv/bsu-basketball-open.f4v</file_path>
				<file_width>500</file_width>
				<file_height>281</file_height>
				<file_title>BSU Basketball</file_title>
				<file_desc>Game Opener</file_desc>
				<file_image>flv/thumbs/video/bsu-basketball-open.jpg</file_image>
				<featured_image>flv/thumbs/featured/bsu-basketball-open.jpg</featured_image>
				<featured_or_not>false</featured_or_not>
			</ITEM>
			<ITEM>
				<file_path>flv/bsu-football-open.flv</file_path>
				<file_width>500</file_width>
				<file_height>281</file_height>
				<file_title>BSU Football</file_title>
				<file_desc>Game Opener</file_desc>
				<file_image>flv/thumbs/video/bsu-football-open.jpg</file_image>
				<featured_image>flv/thumbs/featured/bsu-football-open.jpg</featured_image>
				<featured_or_not>false</featured_or_not>
			</ITEM>
			<ITEM>
				<file_path>flv/gh1test.flv</file_path>
				<file_width>500</file_width>
				<file_height>400</file_height>
				<file_title>New GH1 Test</file_title>
				<file_desc>Alex Got a new camera and is testing it out</file_desc>
				<file_image>flv/thumbs/video/gh1test.jpg</file_image>
				<featured_image>flv/thumbs/featured/gh1test.jpg</featured_image>
				<featured_or_not>false</featured_or_not>
			</ITEM>
			<ITEM>
				<file_path>flv/gulfoss.flv</file_path>
				<file_width>500</file_width>
				<file_height>400</file_height>
				<file_title>Iceland Trip</file_title>
				<file_desc>Alex's trip to Iceland</file_desc>
				<file_image>flv/thumbs/video/gulfoss.jpg</file_image>
				<featured_image>flv/thumbs/featured/gulfoss.jpg</featured_image>
				<featured_or_not>false</featured_or_not>
			</ITEM>
			<ITEM>
				<file_path>flv/ultimate-thailand-adv.flv</file_path>
				<file_width>500</file_width>
				<file_height>400</file_height>
				<file_title>Send Alex to Thailand!</file_title>
				<file_desc>Vote on YouTube, he really wants to go!</file_desc>
				<file_image>flv/thumbs/video/ultimate-thailand-adv.jpg</file_image>
				<featured_image>flv/thumbs/featured/ultimate-thailand-adv.jpg</featured_image>
				<featured_or_not>false</featured_or_not>
			</ITEM>
		</CATEGORY>
		<CATEGORY name="Category 5.1" desc="Various Videos" thumb="flv/thumbs/category/bsu-basketball-open.jpg">
			<ITEM>
				<file_path>flv/ipc-idaho-mashed-potato-trio.flv</file_path>
				<file_width>496</file_width>
				<file_height>276</file_height>
				<file_title>IPC Video 1</file_title>
				<file_desc>Desc. for IPC Video</file_desc>
				<file_image>flv/thumbs/video/ipc.jpg</file_image>
				<featured_image>flv/thumbs/featured/ipc.jpg</featured_image>
				<featured_or_not>false</featured_or_not>
			</ITEM>
			<ITEM>
				<file_path>flv/jdsmith-freak-alley.flv</file_path>
				<file_width>496</file_width>
				<file_height>279</file_height>
				<file_title>JDSmith Freak Alley</file_title>
				<file_desc>Stop Motion Video</file_desc>
				<file_image>flv/thumbs/video/jdsmith-freak-alley.jpg</file_image>
				<featured_image>flv/thumbs/featured/jdsmith-freak-alley.jpg</featured_image>
				<featured_or_not>false</featured_or_not>
			</ITEM>
			<ITEM>
				<file_path>flv/bsu-basketball-open.f4v</file_path>
				<file_width>500</file_width>
				<file_height>281</file_height>
				<file_title>BSU Basketball</file_title>
				<file_desc>Game Opener</file_desc>
				<file_image>flv/thumbs/video/bsu-basketball-open.jpg</file_image>
				<featured_image>flv/thumbs/featured/bsu-basketball-open.jpg</featured_image>
				<featured_or_not>false</featured_or_not>
			</ITEM>
			<ITEM>
				<file_path>flv/bsu-football-open.flv</file_path>
				<file_width>500</file_width>
				<file_height>281</file_height>
				<file_title>BSU Football</file_title>
				<file_desc>Game Opener</file_desc>
				<file_image>flv/thumbs/video/bsu-football-open.jpg</file_image>
				<featured_image>flv/thumbs/featured/bsu-football-open.jpg</featured_image>
				<featured_or_not>false</featured_or_not>
			</ITEM>
			<ITEM>
				<file_path>flv/gh1test.flv</file_path>
				<file_width>500</file_width>
				<file_height>400</file_height>
				<file_title>New GH1 Test</file_title>
				<file_desc>Alex Got a new camera and is testing it out</file_desc>
				<file_image>flv/thumbs/video/gh1test.jpg</file_image>
				<featured_image>flv/thumbs/featured/gh1test.jpg</featured_image>
				<featured_or_not>false</featured_or_not>
			</ITEM>
			<ITEM>
				<file_path>flv/gulfoss.flv</file_path>
				<file_width>500</file_width>
				<file_height>400</file_height>
				<file_title>Iceland Trip</file_title>
				<file_desc>Alex's trip to Iceland</file_desc>
				<file_image>flv/thumbs/video/gulfoss.jpg</file_image>
				<featured_image>flv/thumbs/featured/gulfoss.jpg</featured_image>
				<featured_or_not>false</featured_or_not>
			</ITEM>
		</CATEGORY>
		<CATEGORY name="Category 6.1" desc="Various Videos" thumb="flv/thumbs/category/ipc.jpg">
			<ITEM>
				<file_path>flv/gulfoss.flv</file_path>
				<file_width>500</file_width>
				<file_height>400</file_height>
				<file_title>Iceland Trip</file_title>
				<file_desc>Alex's trip to Iceland</file_desc>
				<file_image>flv/thumbs/video/gulfoss.jpg</file_image>
				<featured_image>flv/thumbs/featured/gulfoss.jpg</featured_image>
				<featured_or_not>false</featured_or_not>
			</ITEM>
			<ITEM>
				<file_path>flv/ultimate-thailand-adv.flv</file_path>
				<file_width>500</file_width>
				<file_height>400</file_height>
				<file_title>Send Alex to Thailand!</file_title>
				<file_desc>Vote on YouTube, he really wants to go!</file_desc>
				<file_image>flv/thumbs/video/ultimate-thailand-adv.jpg</file_image>
				<featured_image>flv/thumbs/featured/ultimate-thailand-adv.jpg</featured_image>
				<featured_or_not>false</featured_or_not>
			</ITEM>
			<ITEM>
				<file_path>flv/ipc-idaho-mashed-potato-trio.flv</file_path>
				<file_width>496</file_width>
				<file_height>276</file_height>
				<file_title>IPC Video 1</file_title>
				<file_desc>Desc. for IPC Video</file_desc>
				<file_image>flv/thumbs/video/ipc.jpg</file_image>
				<featured_image>flv/thumbs/featured/ipc.jpg</featured_image>
				<featured_or_not>false</featured_or_not>
			</ITEM>
			<ITEM>
				<file_path>flv/jdsmith-freak-alley.flv</file_path>
				<file_width>496</file_width>
				<file_height>279</file_height>
				<file_title>JDSmith Freak Alley</file_title>
				<file_desc>Stop Motion Video</file_desc>
				<file_image>flv/thumbs/video/jdsmith-freak-alley.jpg</file_image>
				<featured_image>flv/thumbs/featured/jdsmith-freak-alley.jpg</featured_image>
				<featured_or_not>false</featured_or_not>
			</ITEM>
			<ITEM>
				<file_path>flv/bsu-basketball-open.f4v</file_path>
				<file_width>500</file_width>
				<file_height>281</file_height>
				<file_title>BSU Basketball</file_title>
				<file_desc>Game Opener</file_desc>
				<file_image>flv/thumbs/video/bsu-basketball-open.jpg</file_image>
				<featured_image>flv/thumbs/featured/bsu-basketball-open.jpg</featured_image>
				<featured_or_not>false</featured_or_not>
			</ITEM>
			<ITEM>
				<file_path>flv/bsu-football-open.flv</file_path>
				<file_width>500</file_width>
				<file_height>281</file_height>
				<file_title>BSU Football</file_title>
				<file_desc>Game Opener</file_desc>
				<file_image>flv/thumbs/video/bsu-football-open.jpg</file_image>
				<featured_image>flv/thumbs/featured/bsu-football-open.jpg</featured_image>
				<featured_or_not>false</featured_or_not>
			</ITEM>
			<ITEM>
				<file_path>flv/gh1test.flv</file_path>
				<file_width>500</file_width>
				<file_height>400</file_height>
				<file_title>New GH1 Test</file_title>
				<file_desc>Alex Got a new camera and is testing it out</file_desc>
				<file_image>flv/thumbs/video/gh1test.jpg</file_image>
				<featured_image>flv/thumbs/featured/gh1test.jpg</featured_image>
				<featured_or_not>false</featured_or_not>
			</ITEM>
			<ITEM>
				<file_path>flv/gulfoss.flv</file_path>
				<file_width>500</file_width>
				<file_height>400</file_height>
				<file_title>Iceland Trip</file_title>
				<file_desc>Alex's trip to Iceland</file_desc>
				<file_image>flv/thumbs/video/gulfoss.jpg</file_image>
				<featured_image>flv/thumbs/featured/gulfoss.jpg</featured_image>
				<featured_or_not>false</featured_or_not>
			</ITEM>
		</CATEGORY>
		<CATEGORY name="Category 7.1" desc="Various Videos" thumb="flv/thumbs/category/ultimate-thailand-adv.jpg">
			<ITEM>
				<file_path>flv/ultimate-thailand-adv.flv</file_path>
				<file_width>500</file_width>
				<file_height>400</file_height>
				<file_title>Send Alex to Thailand!</file_title>
				<file_desc>Vote on YouTube, he really wants to go!</file_desc>
				<file_image>flv/thumbs/video/ultimate-thailand-adv.jpg</file_image>
				<featured_image>flv/thumbs/featured/ultimate-thailand-adv.jpg</featured_image>
				<featured_or_not>false</featured_or_not>
			</ITEM>
			<ITEM>
				<file_path>flv/ipc-idaho-mashed-potato-trio.flv</file_path>
				<file_width>496</file_width>
				<file_height>276</file_height>
				<file_title>IPC Video 1</file_title>
				<file_desc>Desc. for IPC Video</file_desc>
				<file_image>flv/thumbs/video/ipc.jpg</file_image>
				<featured_image>flv/thumbs/featured/ipc.jpg</featured_image>
				<featured_or_not>false</featured_or_not>
			</ITEM>
			<ITEM>
				<file_path>flv/jdsmith-freak-alley.flv</file_path>
				<file_width>496</file_width>
				<file_height>279</file_height>
				<file_title>JDSmith Freak Alley</file_title>
				<file_desc>Stop Motion Video</file_desc>
				<file_image>flv/thumbs/video/jdsmith-freak-alley.jpg</file_image>
				<featured_image>flv/thumbs/featured/jdsmith-freak-alley.jpg</featured_image>
				<featured_or_not>false</featured_or_not>
			</ITEM>
			<ITEM>
				<file_path>flv/bsu-basketball-open.f4v</file_path>
				<file_width>500</file_width>
				<file_height>281</file_height>
				<file_title>BSU Basketball</file_title>
				<file_desc>Game Opener</file_desc>
				<file_image>flv/thumbs/video/bsu-basketball-open.jpg</file_image>
				<featured_image>flv/thumbs/featured/bsu-basketball-open.jpg</featured_image>
				<featured_or_not>false</featured_or_not>
			</ITEM>
			<ITEM>
				<file_path>flv/bsu-football-open.flv</file_path>
				<file_width>500</file_width>
				<file_height>281</file_height>
				<file_title>BSU Football</file_title>
				<file_desc>Game Opener</file_desc>
				<file_image>flv/thumbs/video/bsu-football-open.jpg</file_image>
				<featured_image>flv/thumbs/featured/bsu-football-open.jpg</featured_image>
				<featured_or_not>false</featured_or_not>
			</ITEM>
			<ITEM>
				<file_path>flv/gh1test.flv</file_path>
				<file_width>500</file_width>
				<file_height>400</file_height>
				<file_title>New GH1 Test</file_title>
				<file_desc>Alex Got a new camera and is testing it out</file_desc>
				<file_image>flv/thumbs/video/gh1test.jpg</file_image>
				<featured_image>flv/thumbs/featured/gh1test.jpg</featured_image>
				<featured_or_not>false</featured_or_not>
			</ITEM>
			<ITEM>
				<file_path>flv/gulfoss.flv</file_path>
				<file_width>500</file_width>
				<file_height>400</file_height>
				<file_title>Iceland Trip</file_title>
				<file_desc>Alex's trip to Iceland</file_desc>
				<file_image>flv/thumbs/video/gulfoss.jpg</file_image>
				<featured_image>flv/thumbs/featured/gulfoss.jpg</featured_image>
				<featured_or_not>false</featured_or_not>
			</ITEM>
			<ITEM>
				<file_path>flv/ultimate-thailand-adv.flv</file_path>
				<file_width>500</file_width>
				<file_height>400</file_height>
				<file_title>Send Alex to Thailand!</file_title>
				<file_desc>Vote on YouTube, he really wants to go!</file_desc>
				<file_image>flv/thumbs/video/ultimate-thailand-adv.jpg</file_image>
				<featured_image>flv/thumbs/featured/ultimate-thailand-adv.jpg</featured_image>
				<featured_or_not>false</featured_or_not>
			</ITEM>
		</CATEGORY>
		<CATEGORY name="Category 8.1" desc="Various Videos" thumb="flv/thumbs/category/jdsmith-freak-alley.jpg">
			<ITEM>
				<file_path>flv/ipc-idaho-mashed-potato-trio.flv</file_path>
				<file_width>496</file_width>
				<file_height>276</file_height>
				<file_title>IPC Video 1</file_title>
				<file_desc>Desc. for IPC Video</file_desc>
				<file_image>flv/thumbs/video/ipc.jpg</file_image>
				<featured_image>flv/thumbs/featured/ipc.jpg</featured_image>
				<featured_or_not>false</featured_or_not>
			</ITEM>
			<ITEM>
				<file_path>flv/jdsmith-freak-alley.flv</file_path>
				<file_width>496</file_width>
				<file_height>279</file_height>
				<file_title>JDSmith Freak Alley</file_title>
				<file_desc>Stop Motion Video</file_desc>
				<file_image>flv/thumbs/video/jdsmith-freak-alley.jpg</file_image>
				<featured_image>flv/thumbs/featured/jdsmith-freak-alley.jpg</featured_image>
				<featured_or_not>false</featured_or_not>
			</ITEM>
			<ITEM>
				<file_path>flv/bsu-basketball-open.f4v</file_path>
				<file_width>500</file_width>
				<file_height>281</file_height>
				<file_title>BSU Basketball</file_title>
				<file_desc>Game Opener</file_desc>
				<file_image>flv/thumbs/video/bsu-basketball-open.jpg</file_image>
				<featured_image>flv/thumbs/featured/bsu-basketball-open.jpg</featured_image>
				<featured_or_not>false</featured_or_not>
			</ITEM>
			<ITEM>
				<file_path>flv/bsu-football-open.flv</file_path>
				<file_width>500</file_width>
				<file_height>281</file_height>
				<file_title>BSU Football</file_title>
				<file_desc>Game Opener</file_desc>
				<file_image>flv/thumbs/video/bsu-football-open.jpg</file_image>
				<featured_image>flv/thumbs/featured/bsu-football-open.jpg</featured_image>
				<featured_or_not>false</featured_or_not>
			</ITEM>
			<ITEM>
				<file_path>flv/gh1test.flv</file_path>
				<file_width>500</file_width>
				<file_height>400</file_height>
				<file_title>New GH1 Test</file_title>
				<file_desc>Alex Got a new camera and is testing it out</file_desc>
				<file_image>flv/thumbs/video/gh1test.jpg</file_image>
				<featured_image>flv/thumbs/featured/gh1test.jpg</featured_image>
				<featured_or_not>false</featured_or_not>
			</ITEM>
			<ITEM>
				<file_path>flv/gulfoss.flv</file_path>
				<file_width>500</file_width>
				<file_height>400</file_height>
				<file_title>Iceland Trip</file_title>
				<file_desc>Alex's trip to Iceland</file_desc>
				<file_image>flv/thumbs/video/gulfoss.jpg</file_image>
				<featured_image>flv/thumbs/featured/gulfoss.jpg</featured_image>
				<featured_or_not>false</featured_or_not>
			</ITEM>
		</CATEGORY>
		<CATEGORY name="Category 9.1" desc="Various Videos" thumb="flv/thumbs/category/gh1test.jpg">
			<ITEM>
				<file_path>flv/ultimate-thailand-adv.flv</file_path>
				<file_width>500</file_width>
				<file_height>400</file_height>
				<file_title>Send Alex to Thailand!</file_title>
				<file_desc>Vote on YouTube, he really wants to go!</file_desc>
				<file_image>flv/thumbs/video/ultimate-thailand-adv.jpg</file_image>
				<featured_image>flv/thumbs/featured/ultimate-thailand-adv.jpg</featured_image>
				<featured_or_not>false</featured_or_not>
			</ITEM>
			<ITEM>
				<file_path>flv/ipc-idaho-mashed-potato-trio.flv</file_path>
				<file_width>496</file_width>
				<file_height>276</file_height>
				<file_title>IPC Video 1</file_title>
				<file_desc>Desc. for IPC Video</file_desc>
				<file_image>flv/thumbs/video/ipc.jpg</file_image>
				<featured_image>flv/thumbs/featured/ipc.jpg</featured_image>
				<featured_or_not>false</featured_or_not>
			</ITEM>
		</CATEGORY>
		<CATEGORY name="Category 10.1" desc="Various Videos" thumb="flv/thumbs/category/gulfoss.jpg">
			<ITEM>
				<file_path>flv/jdsmith-freak-alley.flv</file_path>
				<file_width>496</file_width>
				<file_height>279</file_height>
				<file_title>JDSmith Freak Alley</file_title>
				<file_desc>Stop Motion Video</file_desc>
				<file_image>flv/thumbs/video/jdsmith-freak-alley.jpg</file_image>
				<featured_image>flv/thumbs/featured/jdsmith-freak-alley.jpg</featured_image>
				<featured_or_not>false</featured_or_not>
			</ITEM>
			<ITEM>
				<file_path>flv/bsu-basketball-open.f4v</file_path>
				<file_width>500</file_width>
				<file_height>281</file_height>
				<file_title>BSU Basketball</file_title>
				<file_desc>Game Opener</file_desc>
				<file_image>flv/thumbs/video/bsu-basketball-open.jpg</file_image>
				<featured_image>flv/thumbs/featured/bsu-basketball-open.jpg</featured_image>
				<featured_or_not>false</featured_or_not>
			</ITEM>
			<ITEM>
				<file_path>flv/bsu-football-open.flv</file_path>
				<file_width>500</file_width>
				<file_height>281</file_height>
				<file_title>BSU Football</file_title>
				<file_desc>Game Opener</file_desc>
				<file_image>flv/thumbs/video/bsu-football-open.jpg</file_image>
				<featured_image>flv/thumbs/featured/bsu-football-open.jpg</featured_image>
				<featured_or_not>false</featured_or_not>
			</ITEM>
			<ITEM>
				<file_path>flv/gh1test.flv</file_path>
				<file_width>500</file_width>
				<file_height>400</file_height>
				<file_title>New GH1 Test</file_title>
				<file_desc>Alex Got a new camera and is testing it out</file_desc>
				<file_image>flv/thumbs/video/gh1test.jpg</file_image>
				<featured_image>flv/thumbs/featured/gh1test.jpg</featured_image>
				<featured_or_not>false</featured_or_not>
			</ITEM>
			<ITEM>
				<file_path>flv/gulfoss.flv</file_path>
				<file_width>500</file_width>
				<file_height>400</file_height>
				<file_title>Iceland Trip</file_title>
				<file_desc>Alex's trip to Iceland</file_desc>
				<file_image>flv/thumbs/video/gulfoss.jpg</file_image>
				<featured_image>flv/thumbs/featured/gulfoss.jpg</featured_image>
				<featured_or_not>false</featured_or_not>
			</ITEM>
			<ITEM>
				<file_path>flv/ultimate-thailand-adv.flv</file_path>
				<file_width>500</file_width>
				<file_height>400</file_height>
				<file_title>Send Alex to Thailand!</file_title>
				<file_desc>Vote on YouTube, he really wants to go!</file_desc>
				<file_image>flv/thumbs/video/ultimate-thailand-adv.jpg</file_image>
				<featured_image>flv/thumbs/featured/ultimate-thailand-adv.jpg</featured_image>
				<featured_or_not>false</featured_or_not>
			</ITEM>
			<ITEM>
				<file_path>flv/ipc-idaho-mashed-potato-trio.flv</file_path>
				<file_width>496</file_width>
				<file_height>276</file_height>
				<file_title>IPC Video 1</file_title>
				<file_desc>Desc. for IPC Video</file_desc>
				<file_image>flv/thumbs/video/ipc.jpg</file_image>
				<featured_image>flv/thumbs/featured/ipc.jpg</featured_image>
				<featured_or_not>false</featured_or_not>
			</ITEM>
		</CATEGORY>
	</GALLERY>
	<GALLERY name="GALLERY 2">
		<CATEGORY name="Category 1.2" desc="Various Videos" thumb="flv/thumbs/category/ultimate-thailand-adv.jpg">
			<ITEM>
				<file_path>flv/jdsmith-freak-alley.flv</file_path>
				<file_width>496</file_width>
				<file_height>279</file_height>
				<file_title>JDSmith Freak Alley</file_title>
				<file_desc>Stop Motion Video</file_desc>
				<file_image>flv/thumbs/video/jdsmith-freak-alley.jpg</file_image>
				<featured_image>flv/thumbs/featured/jdsmith-freak-alley.jpg</featured_image>
				<featured_or_not>false</featured_or_not>
			</ITEM>
			<ITEM>
				<file_path>flv/bsu-basketball-open.f4v</file_path>
				<file_width>500</file_width>
				<file_height>281</file_height>
				<file_title>BSU Basketball</file_title>
				<file_desc>Game Opener</file_desc>
				<file_image>flv/thumbs/video/bsu-basketball-open.jpg</file_image>
				<featured_image>flv/thumbs/featured/bsu-basketball-open.jpg</featured_image>
				<featured_or_not>false</featured_or_not>
			</ITEM>
			<ITEM>
				<file_path>flv/bsu-football-open.flv</file_path>
				<file_width>500</file_width>
				<file_height>281</file_height>
				<file_title>BSU Football</file_title>
				<file_desc>Game Opener</file_desc>
				<file_image>flv/thumbs/video/bsu-football-open.jpg</file_image>
				<featured_image>flv/thumbs/featured/bsu-football-open.jpg</featured_image>
				<featured_or_not>false</featured_or_not>
			</ITEM>
			<ITEM>
				<file_path>flv/gh1test.flv</file_path>
				<file_width>500</file_width>
				<file_height>400</file_height>
				<file_title>New GH1 Test</file_title>
				<file_desc>Alex Got a new camera and is testing it out</file_desc>
				<file_image>flv/thumbs/video/gh1test.jpg</file_image>
				<featured_image>flv/thumbs/featured/gh1test.jpg</featured_image>
				<featured_or_not>false</featured_or_not>
			</ITEM>
			<ITEM>
				<file_path>flv/gulfoss.flv</file_path>
				<file_width>500</file_width>
				<file_height>400</file_height>
				<file_title>Iceland Trip</file_title>
				<file_desc>Alex's trip to Iceland</file_desc>
				<file_image>flv/thumbs/video/gulfoss.jpg</file_image>
				<featured_image>flv/thumbs/featured/gulfoss.jpg</featured_image>
				<featured_or_not>false</featured_or_not>
			</ITEM>
			<ITEM>
				<file_path>flv/ultimate-thailand-adv.flv</file_path>
				<file_width>500</file_width>
				<file_height>400</file_height>
				<file_title>Send Alex to Thailand!</file_title>
				<file_desc>Vote on YouTube, he really wants to go!</file_desc>
				<file_image>flv/thumbs/video/ultimate-thailand-adv.jpg</file_image>
				<featured_image>flv/thumbs/featured/ultimate-thailand-adv.jpg</featured_image>
				<featured_or_not>false</featured_or_not>
			</ITEM>
			<ITEM>
				<file_path>flv/ipc-idaho-mashed-potato-trio.flv</file_path>
				<file_width>496</file_width>
				<file_height>276</file_height>
				<file_title>IPC Video 1</file_title>
				<file_desc>Desc. for IPC Video</file_desc>
				<file_image>flv/thumbs/video/ipc.jpg</file_image>
				<featured_image>flv/thumbs/featured/ipc.jpg</featured_image>
				<featured_or_not>false</featured_or_not>
			</ITEM>
		</CATEGORY>
		<CATEGORY name="Category 2.2" desc="Various Videos" thumb="flv/thumbs/category/gulfoss.jpg">
			<ITEM>
				<file_path>flv/jdsmith-freak-alley.flv</file_path>
				<file_width>496</file_width>
				<file_height>279</file_height>
				<file_title>JDSmith Freak Alley</file_title>
				<file_desc>Stop Motion Video</file_desc>
				<file_image>flv/thumbs/video/jdsmith-freak-alley.jpg</file_image>
				<featured_image>flv/thumbs/featured/jdsmith-freak-alley.jpg</featured_image>
				<featured_or_not>false</featured_or_not>
			</ITEM>
			<ITEM>
				<file_path>flv/bsu-basketball-open.f4v</file_path>
				<file_width>500</file_width>
				<file_height>281</file_height>
				<file_title>BSU Basketball</file_title>
				<file_desc>Game Opener</file_desc>
				<file_image>flv/thumbs/video/bsu-basketball-open.jpg</file_image>
				<featured_image>flv/thumbs/featured/bsu-basketball-open.jpg</featured_image>
				<featured_or_not>false</featured_or_not>
			</ITEM>
			<ITEM>
				<file_path>flv/bsu-football-open.flv</file_path>
				<file_width>500</file_width>
				<file_height>281</file_height>
				<file_title>BSU Football</file_title>
				<file_desc>Game Opener</file_desc>
				<file_image>flv/thumbs/video/bsu-football-open.jpg</file_image>
				<featured_image>flv/thumbs/featured/bsu-football-open.jpg</featured_image>
				<featured_or_not>false</featured_or_not>
			</ITEM>
			<ITEM>
				<file_path>flv/gh1test.flv</file_path>
				<file_width>500</file_width>
				<file_height>400</file_height>
				<file_title>New GH1 Test</file_title>
				<file_desc>Alex Got a new camera and is testing it out</file_desc>
				<file_image>flv/thumbs/video/gh1test.jpg</file_image>
				<featured_image>flv/thumbs/featured/gh1test.jpg</featured_image>
				<featured_or_not>false</featured_or_not>
			</ITEM>
			<ITEM>
				<file_path>flv/gulfoss.flv</file_path>
				<file_width>500</file_width>
				<file_height>400</file_height>
				<file_title>Iceland Trip</file_title>
				<file_desc>Alex's trip to Iceland</file_desc>
				<file_image>flv/thumbs/video/gulfoss.jpg</file_image>
				<featured_image>flv/thumbs/featured/gulfoss.jpg</featured_image>
				<featured_or_not>false</featured_or_not>
			</ITEM>
			<ITEM>
				<file_path>flv/ultimate-thailand-adv.flv</file_path>
				<file_width>500</file_width>
				<file_height>400</file_height>
				<file_title>Send Alex to Thailand!</file_title>
				<file_desc>Vote on YouTube, he really wants to go!</file_desc>
				<file_image>flv/thumbs/video/ultimate-thailand-adv.jpg</file_image>
				<featured_image>flv/thumbs/featured/ultimate-thailand-adv.jpg</featured_image>
				<featured_or_not>false</featured_or_not>
			</ITEM>
			<ITEM>
				<file_path>flv/ipc-idaho-mashed-potato-trio.flv</file_path>
				<file_width>496</file_width>
				<file_height>276</file_height>
				<file_title>IPC Video 1</file_title>
				<file_desc>Desc. for IPC Video</file_desc>
				<file_image>flv/thumbs/video/ipc.jpg</file_image>
				<featured_image>flv/thumbs/featured/ipc.jpg</featured_image>
				<featured_or_not>false</featured_or_not>
			</ITEM>
		</CATEGORY>
	</GALLERY>
	<GALLERY name="GALLERY 3">
		<CATEGORY name="Category 1.3" desc="Various Videos" thumb="flv/thumbs/category/bsu-basketball-open.jpg">
			<ITEM>
				<file_path>flv/jdsmith-freak-alley.flv</file_path>
				<file_width>496</file_width>
				<file_height>279</file_height>
				<file_title>JDSmith Freak Alley</file_title>
				<file_desc>Stop Motion Video</file_desc>
				<file_image>flv/thumbs/video/jdsmith-freak-alley.jpg</file_image>
				<featured_image>flv/thumbs/featured/jdsmith-freak-alley.jpg</featured_image>
				<featured_or_not>false</featured_or_not>
			</ITEM>
			<ITEM>
				<file_path>flv/bsu-basketball-open.f4v</file_path>
				<file_width>500</file_width>
				<file_height>281</file_height>
				<file_title>BSU Basketball</file_title>
				<file_desc>Game Opener</file_desc>
				<file_image>flv/thumbs/video/bsu-basketball-open.jpg</file_image>
				<featured_image>flv/thumbs/featured/bsu-basketball-open.jpg</featured_image>
				<featured_or_not>false</featured_or_not>
			</ITEM>
			<ITEM>
				<file_path>flv/gh1test.flv</file_path>
				<file_width>500</file_width>
				<file_height>400</file_height>
				<file_title>New GH1 Test</file_title>
				<file_desc>Alex Got a new camera and is testing it out</file_desc>
				<file_image>flv/thumbs/video/gh1test.jpg</file_image>
				<featured_image>flv/thumbs/featured/gh1test.jpg</featured_image>
				<featured_or_not>false</featured_or_not>
			</ITEM>
			<ITEM>
				<file_path>flv/gulfoss.flv</file_path>
				<file_width>500</file_width>
				<file_height>400</file_height>
				<file_title>Iceland Trip</file_title>
				<file_desc>Alex's trip to Iceland</file_desc>
				<file_image>flv/thumbs/video/gulfoss.jpg</file_image>
				<featured_image>flv/thumbs/featured/gulfoss.jpg</featured_image>
				<featured_or_not>false</featured_or_not>
			</ITEM>
			<ITEM>
				<file_path>flv/ultimate-thailand-adv.flv</file_path>
				<file_width>500</file_width>
				<file_height>400</file_height>
				<file_title>Send Alex to Thailand!</file_title>
				<file_desc>Vote on YouTube, he really wants to go!</file_desc>
				<file_image>flv/thumbs/video/ultimate-thailand-adv.jpg</file_image>
				<featured_image>flv/thumbs/featured/ultimate-thailand-adv.jpg</featured_image>
				<featured_or_not>false</featured_or_not>
			</ITEM>
			<ITEM>
				<file_path>flv/ipc-idaho-mashed-potato-trio.flv</file_path>
				<file_width>496</file_width>
				<file_height>276</file_height>
				<file_title>IPC Video 1</file_title>
				<file_desc>Desc. for IPC Video</file_desc>
				<file_image>flv/thumbs/video/ipc.jpg</file_image>
				<featured_image>flv/thumbs/featured/ipc.jpg</featured_image>
				<featured_or_not>false</featured_or_not>
			</ITEM>
		</CATEGORY>
		<CATEGORY name="Category 2.3" desc="Various Videos" thumb="flv/thumbs/category/jdsmith-freak-alley.jpg">
			<ITEM>
				<file_path>flv/jdsmith-freak-alley.flv</file_path>
				<file_width>496</file_width>
				<file_height>279</file_height>
				<file_title>JDSmith Freak Alley</file_title>
				<file_desc>Stop Motion Video</file_desc>
				<file_image>flv/thumbs/video/jdsmith-freak-alley.jpg</file_image>
				<featured_image>flv/thumbs/featured/jdsmith-freak-alley.jpg</featured_image>
				<featured_or_not>false</featured_or_not>
			</ITEM>
			<ITEM>
				<file_path>flv/bsu-basketball-open.f4v</file_path>
				<file_width>500</file_width>
				<file_height>281</file_height>
				<file_title>BSU Basketball</file_title>
				<file_desc>Game Opener</file_desc>
				<file_image>flv/thumbs/video/bsu-basketball-open.jpg</file_image>
				<featured_image>flv/thumbs/featured/bsu-basketball-open.jpg</featured_image>
				<featured_or_not>false</featured_or_not>
			</ITEM>
			<ITEM>
				<file_path>flv/bsu-football-open.flv</file_path>
				<file_width>500</file_width>
				<file_height>281</file_height>
				<file_title>BSU Football</file_title>
				<file_desc>Game Opener</file_desc>
				<file_image>flv/thumbs/video/bsu-football-open.jpg</file_image>
				<featured_image>flv/thumbs/featured/bsu-football-open.jpg</featured_image>
				<featured_or_not>false</featured_or_not>
			</ITEM>
			<ITEM>
				<file_path>flv/gulfoss.flv</file_path>
				<file_width>500</file_width>
				<file_height>400</file_height>
				<file_title>Iceland Trip</file_title>
				<file_desc>Alex's trip to Iceland</file_desc>
				<file_image>flv/thumbs/video/gulfoss.jpg</file_image>
				<featured_image>flv/thumbs/featured/gulfoss.jpg</featured_image>
				<featured_or_not>false</featured_or_not>
			</ITEM>
			<ITEM>
				<file_path>flv/ultimate-thailand-adv.flv</file_path>
				<file_width>500</file_width>
				<file_height>400</file_height>
				<file_title>Send Alex to Thailand!</file_title>
				<file_desc>Vote on YouTube, he really wants to go!</file_desc>
				<file_image>flv/thumbs/video/ultimate-thailand-adv.jpg</file_image>
				<featured_image>flv/thumbs/featured/ultimate-thailand-adv.jpg</featured_image>
				<featured_or_not>false</featured_or_not>
			</ITEM>
			<ITEM>
				<file_path>flv/ipc-idaho-mashed-potato-trio.flv</file_path>
				<file_width>496</file_width>
				<file_height>276</file_height>
				<file_title>IPC Video 1</file_title>
				<file_desc>Desc. for IPC Video</file_desc>
				<file_image>flv/thumbs/video/ipc.jpg</file_image>
				<featured_image>flv/thumbs/featured/ipc.jpg</featured_image>
				<featured_or_not>false</featured_or_not>
			</ITEM>
		</CATEGORY>
		<CATEGORY name="Category 3.3" desc="Various Videos" thumb="flv/thumbs/category/gulfoss.jpg">
			<ITEM>
				<file_path>flv/jdsmith-freak-alley.flv</file_path>
				<file_width>496</file_width>
				<file_height>279</file_height>
				<file_title>JDSmith Freak Alley</file_title>
				<file_desc>Stop Motion Video</file_desc>
				<file_image>flv/thumbs/video/jdsmith-freak-alley.jpg</file_image>
				<featured_image>flv/thumbs/featured/jdsmith-freak-alley.jpg</featured_image>
				<featured_or_not>false</featured_or_not>
			</ITEM>
			<ITEM>
				<file_path>flv/bsu-basketball-open.f4v</file_path>
				<file_width>500</file_width>
				<file_height>281</file_height>
				<file_title>BSU Basketball</file_title>
				<file_desc>Game Opener</file_desc>
				<file_image>flv/thumbs/video/bsu-basketball-open.jpg</file_image>
				<featured_image>flv/thumbs/featured/bsu-basketball-open.jpg</featured_image>
				<featured_or_not>false</featured_or_not>
			</ITEM>
			<ITEM>
				<file_path>flv/bsu-football-open.flv</file_path>
				<file_width>500</file_width>
				<file_height>281</file_height>
				<file_title>BSU Football</file_title>
				<file_desc>Game Opener</file_desc>
				<file_image>flv/thumbs/video/bsu-football-open.jpg</file_image>
				<featured_image>flv/thumbs/featured/bsu-football-open.jpg</featured_image>
				<featured_or_not>false</featured_or_not>
			</ITEM>
			<ITEM>
				<file_path>flv/gh1test.flv</file_path>
				<file_width>500</file_width>
				<file_height>400</file_height>
				<file_title>New GH1 Test</file_title>
				<file_desc>Alex Got a new camera and is testing it out</file_desc>
				<file_image>flv/thumbs/video/gh1test.jpg</file_image>
				<featured_image>flv/thumbs/featured/gh1test.jpg</featured_image>
				<featured_or_not>false</featured_or_not>
			</ITEM>
			<ITEM>
				<file_path>flv/gulfoss.flv</file_path>
				<file_width>500</file_width>
				<file_height>400</file_height>
				<file_title>Iceland Trip</file_title>
				<file_desc>Alex's trip to Iceland</file_desc>
				<file_image>flv/thumbs/video/gulfoss.jpg</file_image>
				<featured_image>flv/thumbs/featured/gulfoss.jpg</featured_image>
				<featured_or_not>false</featured_or_not>
			</ITEM>
			<ITEM>
				<file_path>flv/ultimate-thailand-adv.flv</file_path>
				<file_width>500</file_width>
				<file_height>400</file_height>
				<file_title>Send Alex to Thailand!</file_title>
				<file_desc>Vote on YouTube, he really wants to go!</file_desc>
				<file_image>flv/thumbs/video/ultimate-thailand-adv.jpg</file_image>
				<featured_image>flv/thumbs/featured/ultimate-thailand-adv.jpg</featured_image>
				<featured_or_not>false</featured_or_not>
			</ITEM>
		</CATEGORY>
		<CATEGORY name="Category 4.3" desc="Various Videos" thumb="flv/thumbs/category/ipc.jpg">
			<ITEM>
				<file_path>flv/jdsmith-freak-alley.flv</file_path>
				<file_width>496</file_width>
				<file_height>279</file_height>
				<file_title>JDSmith Freak Alley</file_title>
				<file_desc>Stop Motion Video</file_desc>
				<file_image>flv/thumbs/video/jdsmith-freak-alley.jpg</file_image>
				<featured_image>flv/thumbs/featured/jdsmith-freak-alley.jpg</featured_image>
				<featured_or_not>false</featured_or_not>
			</ITEM>
			<ITEM>
				<file_path>flv/bsu-basketball-open.f4v</file_path>
				<file_width>500</file_width>
				<file_height>281</file_height>
				<file_title>BSU Basketball</file_title>
				<file_desc>Game Opener</file_desc>
				<file_image>flv/thumbs/video/bsu-basketball-open.jpg</file_image>
				<featured_image>flv/thumbs/featured/bsu-basketball-open.jpg</featured_image>
				<featured_or_not>false</featured_or_not>
			</ITEM>
			<ITEM>
				<file_path>flv/bsu-football-open.flv</file_path>
				<file_width>500</file_width>
				<file_height>281</file_height>
				<file_title>BSU Football</file_title>
				<file_desc>Game Opener</file_desc>
				<file_image>flv/thumbs/video/bsu-football-open.jpg</file_image>
				<featured_image>flv/thumbs/featured/bsu-football-open.jpg</featured_image>
				<featured_or_not>false</featured_or_not>
			</ITEM>
			<ITEM>
				<file_path>flv/gh1test.flv</file_path>
				<file_width>500</file_width>
				<file_height>400</file_height>
				<file_title>New GH1 Test</file_title>
				<file_desc>Alex Got a new camera and is testing it out</file_desc>
				<file_image>flv/thumbs/video/gh1test.jpg</file_image>
				<featured_image>flv/thumbs/featured/gh1test.jpg</featured_image>
				<featured_or_not>false</featured_or_not>
			</ITEM>
			<ITEM>
				<file_path>flv/gulfoss.flv</file_path>
				<file_width>500</file_width>
				<file_height>400</file_height>
				<file_title>Iceland Trip</file_title>
				<file_desc>Alex's trip to Iceland</file_desc>
				<file_image>flv/thumbs/video/gulfoss.jpg</file_image>
				<featured_image>flv/thumbs/featured/gulfoss.jpg</featured_image>
				<featured_or_not>false</featured_or_not>
			</ITEM>
			<ITEM>
				<file_path>flv/ipc-idaho-mashed-potato-trio.flv</file_path>
				<file_width>496</file_width>
				<file_height>276</file_height>
				<file_title>IPC Video 1</file_title>
				<file_desc>Desc. for IPC Video</file_desc>
				<file_image>flv/thumbs/video/ipc.jpg</file_image>
				<featured_image>flv/thumbs/featured/ipc.jpg</featured_image>
				<featured_or_not>false</featured_or_not>
			</ITEM>
		</CATEGORY>
		<CATEGORY name="Category 5.3" desc="Various Videos" thumb="flv/thumbs/category/ultimate-thailand-adv.jpg">
			<ITEM>
				<file_path>flv/jdsmith-freak-alley.flv</file_path>
				<file_width>496</file_width>
				<file_height>279</file_height>
				<file_title>JDSmith Freak Alley</file_title>
				<file_desc>Stop Motion Video</file_desc>
				<file_image>flv/thumbs/video/jdsmith-freak-alley.jpg</file_image>
				<featured_image>flv/thumbs/featured/jdsmith-freak-alley.jpg</featured_image>
				<featured_or_not>false</featured_or_not>
			</ITEM>
			<ITEM>
				<file_path>flv/bsu-basketball-open.f4v</file_path>
				<file_width>500</file_width>
				<file_height>281</file_height>
				<file_title>BSU Basketball</file_title>
				<file_desc>Game Opener</file_desc>
				<file_image>flv/thumbs/video/bsu-basketball-open.jpg</file_image>
				<featured_image>flv/thumbs/featured/bsu-basketball-open.jpg</featured_image>
				<featured_or_not>false</featured_or_not>
			</ITEM>
			<ITEM>
				<file_path>flv/bsu-football-open.flv</file_path>
				<file_width>500</file_width>
				<file_height>281</file_height>
				<file_title>BSU Football</file_title>
				<file_desc>Game Opener</file_desc>
				<file_image>flv/thumbs/video/bsu-football-open.jpg</file_image>
				<featured_image>flv/thumbs/featured/bsu-football-open.jpg</featured_image>
				<featured_or_not>false</featured_or_not>
			</ITEM>
			<ITEM>
				<file_path>flv/gh1test.flv</file_path>
				<file_width>500</file_width>
				<file_height>400</file_height>
				<file_title>New GH1 Test</file_title>
				<file_desc>Alex Got a new camera and is testing it out</file_desc>
				<file_image>flv/thumbs/video/gh1test.jpg</file_image>
				<featured_image>flv/thumbs/featured/gh1test.jpg</featured_image>
				<featured_or_not>false</featured_or_not>
			</ITEM>
			<ITEM>
				<file_path>flv/ultimate-thailand-adv.flv</file_path>
				<file_width>500</file_width>
				<file_height>400</file_height>
				<file_title>Send Alex to Thailand!</file_title>
				<file_desc>Vote on YouTube, he really wants to go!</file_desc>
				<file_image>flv/thumbs/video/ultimate-thailand-adv.jpg</file_image>
				<featured_image>flv/thumbs/featured/ultimate-thailand-adv.jpg</featured_image>
				<featured_or_not>false</featured_or_not>
			</ITEM>
			<ITEM>
				<file_path>flv/ipc-idaho-mashed-potato-trio.flv</file_path>
				<file_width>496</file_width>
				<file_height>276</file_height>
				<file_title>IPC Video 1</file_title>
				<file_desc>Desc. for IPC Video</file_desc>
				<file_image>flv/thumbs/video/ipc.jpg</file_image>
				<featured_image>flv/thumbs/featured/ipc.jpg</featured_image>
				<featured_or_not>false</featured_or_not>
			</ITEM>
		</CATEGORY>
	</GALLERY>

</CONTENT>